mse,abs_percentage_median,abs_percentage_mean,abs_percentage_std,div_max,div_min,div_avg,n
2.757389048642338e-08,80.48327447582376,72.86355071693934,28.507648927257524,-0.34421640362960115,-0.3509324675573485,0.34779885767214225,1
1.8951390079194804e-09,84.91486140980525,79.6060767797062,21.92831788226054,-0.2871209614103396,-0.42235273504845733,0.34968852239414666,2
8.511968829927205e-11,90.34480919147956,86.57402333616082,15.066948940840373,-0.28487876901528497,-0.42564040906550205,0.35028364687139385,3
1.5465404942146807e-10,92.48153120310891,88.97799490675149,13.61572096914123,-0.2853235451576823,-0.4253878226304826,0.35027755686928336,4
3.8987207690100296e-11,94.1418280578539,91.02823966178288,12.551940568570407,-0.26002681121466464,-0.4499985884462858,0.3506306224302952,5
4.4977750964082626e-11,94.30293661572765,91.26924306615466,12.237349895510947,-0.202714209390493,-0.46331071566044635,0.35102925679689245,6
3.7702096333101236e-11,94.45795843190263,91.48204605884216,12.00015854324718,-0.20269445237139816,-0.474429875982636,0.3507096023508617,7
3.8708820478762676e-11,94.60043452376638,91.68643616198311,11.721219253576594,-0.21104606096013723,-0.46904901619025696,0.3506327913502299,8
4.2549776509771525e-11,94.73962904815828,91.92279465150231,11.285216669722388,-0.22140519420104943,-0.4678400146719168,0.35079159761870904,9
4.3196109306016366e-11,95.03204456222329,92.18127287010356,11.158379202771634,-0.22970072853687584,-0.48559686919995926,0.3503496814563532,10
4.096201409411559e-11,95.34417711137068,92.46149847609468,11.030009016327014,-0.22198556647278855,-0.4819366148544746,0.3507041998732592,11
5.69710505223268e-11,95.37421637346759,92.58173178218262,10.714029126184617,-0.18809425483911335,-0.47754702489255063,0.3492631604778215,12
2.3829816804547216e-11,95.40227259285734,92.69830365258805,10.368457318722042,-0.15752976533419627,-0.550465353315654,0.34768902945271846,13
9.637059468399199e-12,95.44785160018294,92.79802829721658,10.192284066875002,-0.15383136494125704,-0.5497258614377207,0.34670798509353423,14
2.5124105413671866e-12,95.47110357145152,92.88256270575846,9.710103061030638,-0.10592064485865027,-0.5894237430675382,0.3443343398989572,15
1.2614144072584102e-12,95.52892704137793,93.0322163032055,9.14584412348712,0.10021206232068103,-0.7286594251083498,0.3447060359847212,16
4.13693035273715e-12,95.57814903044945,93.1393515933758,8.86313038341037,0.09923056282351528,-0.7089205739651678,0.34573737939945043,17
7.720246006583346e-14,95.68937762998854,93.26983898655853,8.686875157245078,0.1092586128533779,-0.7508631608625493,0.3418155853411594,18
7.23789530535505e-14,95.76711548850957,93.37959451531451,8.509491408514446,0.08851881560394315,-0.6723315510969636,0.34165253546621943,19
2.579353444653335e-11,95.79926712200238,93.45463785942172,8.378987985108804,0.13816193824506806,-0.7311771433516476,0.3470872526967994,20
9.089244999921698e-11,95.83638995153474,93.53421886844201,8.214152218043038,-0.0069576874853843895,-0.8498885895514832,0.3486951876720723,21
2.0527091165170307e-11,95.87733891684229,93.6051976286947,8.088992762460528,-0.024671032059235598,-0.8524731664471674,0.3460504301381331,22
3.919059239504212e-11,95.922094311738,93.68925593894988,7.93932574438006,-0.01927775470564652,-0.8782647177372445,0.3472998479199042,23
3.9826914352271345e-11,95.95029533832576,93.77172199509896,7.739315958736754,-0.00818219297684597,-0.9171434409779109,0.3474700229321038,24
3.5833716277036475e-11,95.9951880127653,93.84817952827612,7.598052071970754,-0.015091367041795478,-0.9656323577744328,0.3470302325046394,25
4.2523631293168984e-13,96.0399384404437,93.92637108827431,7.445620246065129,-0.019287398589062144,-0.9530252284465428,0.3457149021927085,26
1.8427442621396347e-14,96.06777019367894,93.99124455340603,7.341028477297602,-0.020507540206661123,-0.9412610642013628,0.3453333450973528,27
1.230975161959341e-12,96.1105051682619,94.06406645124062,7.226885233629663,-0.025742473623131756,-0.9664004882423387,0.3449855943019739,28
4.505655456255485e-12,96.16105617464336,94.14167164151056,7.125454954670862,0.007840179002901904,-0.9562148013333529,0.3476978603976615,29
5.0946718041481944e-12,96.19888603294076,94.21123694152266,7.001717809562859,0.008450474812150555,-0.9585703792389404,0.34722451688442346,30
9.949385880375884e-12,96.2428650826312,94.29682247166149,6.820590199490759,-0.004103959070022922,-0.9862478434788176,0.34531825511285424,31
1.0749900522305516e-11,96.29544704932644,94.38418123785354,6.694899167536071,-0.0069537158939444454,-0.9918139003423745,0.3452962650711763,32
2.109509537656011e-11,96.32024244869768,94.44797088014202,6.572379094557697,-0.0026363882262004923,-0.9246095571323689,0.34453404253211795,33
2.1431513660387873e-11,96.37487057118656,94.51785110692698,6.498264476382236,-0.016842581943699253,-0.9475244325538559,0.3444563761140056,34
4.2040465626444526e-11,96.42075791925436,94.58811645086875,6.380266172324853,-0.017175580553491443,-0.9950799808131838,0.3420693994493139,35
7.247049816892627e-11,96.45199646950365,94.65043806604194,6.294097902660871,-0.014446856444514822,-1.0078666908642737,0.3408934010623532,36
5.939950896309383e-11,96.49186040007169,94.72338929173053,6.207228285609483,-0.01074274772593764,-1.0101187079994394,0.3407503226744501,37
3.493242809915233e-11,96.52452925201653,94.80270777678163,6.096108048179517,-0.009872421377600027,-1.012676616924302,0.3416516904551067,38
3.173349573976553e-11,96.56629257177431,94.86663073587914,6.0024947533949184,-0.0025512096997137856,-1.0098266667257256,0.34237315573390104,39
2.1088491840814704e-11,96.60780628368762,94.9356022999667,5.927451660542007,-0.003254652242848932,-0.9624227634231071,0.3429139245671054,40
2.5008728908807317e-11,96.65147298175387,95.02333284786138,5.794317880358056,-0.009663491827125226,-0.9618725682146536,0.342423983349452,41
2.5757653851333113e-11,96.68588855367463,95.10379457719739,5.633477108665166,0.0009323784457357931,-0.9254519582217755,0.34236107974377605,42
2.594122584003403e-11,96.72107040736574,95.17955677921442,5.510598944826732,0.006414731964706988,-0.992367149884732,0.34422182126398987,43
2.5061554060384638e-11,96.76932740460973,95.25394093723835,5.418708016849237,-0.0051073838587683,-1.0007366878640016,0.3442699182207335,44
1.1642359721746704e-11,96.8045023926499,95.3208677570903,5.312227340300548,-0.0011841910881214002,-1.0142269909244899,0.34484170910621054,45
1.096636696434526e-11,96.83664953544664,95.38718941863624,5.210263374410237,-0.0012342488110630434,-1.0708625546337802,0.34622633538251735,46
1.153551911609016e-11,96.87407314015661,95.46952865007971,5.049122544705062,0.014464943576625089,-0.9761407206354837,0.3435778197890983,47
5.0006904742480396e-12,96.93851525311558,95.55686807229121,4.950691199884105,0.014541748396275533,-0.9758592052879251,0.3435575380494262,48
4.630461582702008e-12,97.00663015586952,95.65987348026422,4.8317705404943405,0.01030170487612958,-0.9750265767262425,0.3437015636361805,49
5.544782577135267e-12,97.03909958825516,95.73202755765968,4.718876970429337,0.008360510713555591,-0.9227205612087204,0.34722689118573025,50
5.4824694671933374e-12,97.07242507681073,95.7993024674276,4.618046062102266,0.007887439993792711,-0.9296051041754145,0.3478060266606093,51
5.049042096129029e-12,97.12847558048551,95.87772165988753,4.526557953919655,0.009964247891733224,-0.9429273069675004,0.34805947403607584,52
5.994902856804953e-12,97.16653829317505,95.95509819413037,4.43104866020871,0.007232217565952492,-0.9684136783325039,0.34904724588840963,53
6.260308725610018e-12,97.2199908518152,96.03842204193123,4.309987034481229,0.0302486267562021,-1.0975706992748702,0.35005967835096696,54
6.570593417149587e-12,97.25866371886875,96.1193563289887,4.205656597011725,0.036583325394819566,-1.0668300950483296,0.34924377819251107,55
7.2150748161875754e-12,97.30594661998148,96.2003795083314,4.096356997677361,0.047941757497444115,-1.1754787437748615,0.351186315741069,56
9.072735905607448e-12,97.36583052840902,96.27844273363706,3.9929115888556423,0.05174809494161359,-1.170728407150736,0.35150274870446024,57
9.462152747142874e-12,97.4282656236347,96.3522163452716,3.927884507366005,0.031019882371126073,-1.156280984205385,0.3511938322786418,58
1.0326547147799777e-11,97.48115444267798,96.41737465516348,3.865772802083246,0.005993644121602415,-1.1551628120989896,0.3515358680083803,59
8.686076157393443e-12,97.53701614459754,96.49350108084631,3.7774331145452003,0.004179290721476936,-1.1600214720805035,0.3512260066736399,60
8.446441237843574e-12,97.58963072803586,96.56844674087765,3.703390447041387,0.0022868252479577578,-1.1566710463134178,0.35159454480999786,61
1.0386426828672871e-11,97.65517776610012,96.668266996001,3.59320339308259,0.0023435437001431136,-1.1568466491935876,0.3515888047036747,62
2.561676442248914e-12,97.71933087940891,96.75677202036638,3.4883091562524333,0.005917448647785317,-1.1437938139244168,0.34924845707864627,63
4.13173025634357e-12,97.78691334866014,96.84948763626133,3.3823998581410564,0.020164508256387825,-1.3177902049604482,0.3543518567815049,64
1.1096096234824292e-13,97.85562093811836,96.93267673274781,3.2988536313212067,0.018584180469482625,-1.3195643700379502,0.3529550088306792,65
1.6735916272437655e-13,97.9180326616025,97.01592224132283,3.2271920922066033,0.023615767693704492,-1.3529003357549252,0.3528525952065843,66
2.1394014294742816e-13,97.99787567793774,97.10835492296643,3.1550836069248627,0.01840431589761421,-1.347155778647993,0.34995352330194124,67
7.36048580025862e-14,98.0714389436304,97.1935394810579,3.0797171041736617,0.0182971130049433,-1.3564540794453004,0.3501581727245869,68
7.137682442865422e-14,98.12530958913115,97.25979953902319,3.029364862781347,0.01988470304601847,-1.355845729126547,0.3500822189445094,69
1.626341229789345e-13,98.1968511613,97.34257858828863,2.9630327758613797,0.033378835354852976,-1.3785674877357383,0.3549439521334119,70
6.767597169963e-16,98.25612620823362,97.40473964337629,2.9129554047610116,0.07663137819622645,-1.371677847703527,0.35766224638848754,71
2.382368478085529e-15,98.30925041669363,97.4706276876359,2.860387055760235,0.07599279388339153,-1.3713540955392034,0.3577272500586773,72
1.367174624331074e-15,98.32481427519932,97.51504927615406,2.776458944928295,0.10164588241803424,-1.3809848838848833,0.35475527588004885,73
1.701042263330903e-15,98.34077809470517,97.55157766930002,2.7174003999997627,0.18394858397510472,-1.3544322910097435,0.34705676877016084,74
3.642349442258675e-14,98.36635219508426,97.60136572771891,2.648969489025431,0.18652379004534936,-1.3576898527528147,0.3474689481408827,75
3.808109761969195e-14,98.3917909082117,97.6458102302805,2.599041892209244,0.18705820546422247,-1.3581495370641274,0.347584728446064,76
1.4021576486235333e-14,98.4172264113896,97.6878114086086,2.5495750831681057,0.1787907480439288,-1.3582509373938034,0.3490782234891535,77
1.599551105176816e-14,98.44389128137223,97.73140615228806,2.501005770938197,0.1597523710705202,-1.3678498861052812,0.34774730219243877,78
1.547821456496545e-14,98.46303074360227,97.76529689653279,2.4505891826142046,0.15806533761666364,-1.360373442702981,0.3478028780358526,79
1.5643461574658583e-14,98.47709121318913,97.79385267279744,2.405527459118406,0.1474169747127907,-1.3885356140637217,0.34755575616237294,80
1.5647148548139546e-14,98.49937853606104,97.82660207641673,2.3749433098292227,0.15420968802643742,-1.379538514762591,0.3473274179470652,81
5.6285169332789434e-14,98.51960753351676,97.85519924408347,2.337678868600368,0.1542845738340506,-1.3829292211993698,0.3472344334806433,82
8.437177325664706e-14,98.55103332468123,97.89896431320874,2.2952370083294054,0.16732765417488116,-1.372267399024822,0.3480016076556073,83
8.333349198083064e-14,98.58074687859452,97.94036381278704,2.2565528108950823,0.17395232892081935,-1.3605764404372032,0.3489382968354592,84
8.11500576606945e-14,98.59725284279077,97.96702718068595,2.229915332967291,0.15523812376672286,-1.3785305557866128,0.3499237472279615,85
8.614082989983254e-14,98.62098400495557,98.00077350033779,2.1909554212565125,0.15571297848192134,-1.384185352542901,0.3500246929849156,86
4.3216339218560774e-14,98.64441253970585,98.03194500067914,2.1612530649634802,0.16504281701035284,-1.3777411609667194,0.35097869954258243,87
3.899680872177736e-14,98.67075493254006,98.06505967111113,2.132370322070193,0.1650032207740666,-1.3823159153955311,0.35035189718105164,88
3.509260689119646e-14,98.68903689495926,98.08992997650067,2.104196000731394,0.1611941652731259,-1.399358110659609,0.3496064073202092,89
2.1513650616345283e-14,98.70696614114081,98.11435121577647,2.079074510385762,0.16315741831661512,-1.3999852001933046,0.34958289046272767,90
2.377384239775769e-14,98.72883621575171,98.1433474683873,2.0530735278782477,0.16044831383614122,-1.3981958722517103,0.3503528418765498,91
1.730366558771946e-14,98.75181577410231,98.1690174051136,2.0320544110419116,0.1563255854033212,-1.4019774315265892,0.3498473681461535,92
2.3200980154858317e-14,98.77994580153731,98.20538551717196,2.0047329301049395,0.13416716554739772,-1.35027779475866,0.3462605117485771,93
1.3749542156556029e-14,98.80019907966982,98.23586855095887,1.969096574489508,0.13041363359591296,-1.3374826909262012,0.3465709357029143,94
1.3138977079824172e-14,98.82206652023471,98.25978066014785,1.9396754583005427,0.13529230644953172,-1.3307060219507463,0.34628569700908096,95
5.224828335068021e-16,98.83942650077299,98.28206241659001,1.9173306138426551,0.13028203207585642,-1.2919989152583469,0.34463519535376685,96
2.331267680874377e-15,98.85877275437655,98.30456120939904,1.899296349939567,0.1262179887423276,-1.2926880627517026,0.3442966106237984,97
6.10161888279123e-16,98.87195263663304,98.3263008042258,1.8723708178342677,0.1417962285945129,-1.2927979446431799,0.3470945189698952,98
5.093872388530194e-16,98.88748950972551,98.35050218975316,1.8462731425516288,0.12888712383675482,-1.3880714751145158,0.347418794150945,99
2.9664310353513324e-15,98.90700415303311,98.37730165878244,1.8205927708755603,0.16353060014980558,-1.3968012978244797,0.3428925560497135,100
1.0260511202727671e-14,98.91981622353646,98.39861967505726,1.7989482983170615,0.16205640949193612,-1.3975925013847732,0.34272868617988694,101
1.0414800148569718e-14,98.93641577434101,98.42429040917384,1.76943666372712,0.1613555469351522,-1.364316522578739,0.3431177712880446,102
7.156755949539851e-15,98.94877578395119,98.4451003946902,1.748169907855595,0.21253909496755918,-1.330119599793175,0.34083297032021137,103
5.957399578610164e-16,98.96449714780812,98.46408472942963,1.727141578646064,0.22912547869605904,-1.3819430742805903,0.3385267200392974,104
1.1172587024422262e-15,98.97737509287138,98.48192715477268,1.71569816064581,0.2266510413922025,-1.382302837104275,0.337690040042507,105
2.7990555854548854e-15,98.99189044642313,98.50328113706821,1.6887764586510097,0.22018514590237626,-1.371028430949389,0.33732070669059266,106
3.2309600194377535e-15,99.01327672019667,98.53022812843182,1.662031844620717,0.1966685580289489,-1.356088876197032,0.3366278112162923,107
3.284741040458322e-15,99.02814701071736,98.5511132773796,1.6387561384462432,0.14455281048207214,-1.370782099727471,0.3348800070354541,108
5.210688720120316e-15,99.04577610832155,98.57457743842986,1.618368608468245,0.1710044383582323,-1.330811379522392,0.3335171477298909,109
3.789449682939614e-15,99.05526632463614,98.59144230727784,1.592200536780496,0.17654730425252607,-1.3456159258923082,0.33388282182817924,110
4.0431842300235e-15,99.06197567508036,98.60656684821758,1.5718248589553805,0.178386163384741,-1.405015454664694,0.3327520087250223,111
4.516903317730393e-15,99.06620200454147,98.62181841295823,1.5416776981928395,0.24251291197297187,-1.3547151345400277,0.3347385636584931,112
8.327935493561153e-15,99.07734762757568,98.64219671652806,1.512837399087904,0.18314115864453306,-1.389528226133847,0.3364353732698408,113
8.938162205136307e-15,99.08914556122271,98.65972831225136,1.4922617460287817,0.19738067674063453,-1.3642842799506436,0.33812814210969355,114
8.978556406629965e-15,99.1000680055037,98.67958745100782,1.4740006834828479,0.19457116278596231,-1.3886293708961155,0.33886582466510384,115
5.986475051390349e-15,99.10685928181476,98.69463325330052,1.4543739493945445,0.18193288508918837,-1.405336706515131,0.33875596164098803,116
4.4651298344436575e-15,99.11992859269603,98.71365908179358,1.4346713677498095,0.1836664127557075,-1.4051935655913184,0.3388327582784256,117
3.887047803444865e-15,99.13269932273612,98.73135253984388,1.4172814598105938,0.20072669963743817,-1.3975390753868657,0.33849667002132533,118
3.455018579629903e-15,99.14698351684055,98.7515727415464,1.3957911548163044,0.19515537030761854,-1.4214251558779942,0.3370340113150464,119
1.78256554220578e-15,99.16143726030262,98.7714127515858,1.3730412760705235,0.20844466033334008,-1.394356874268711,0.3347968196085411,120
2.1359195530444772e-15,99.17056108053868,98.78477723302942,1.3580416739545176,0.2159612690163426,-1.397460409615384,0.3337428659630527,121
5.134323644863668e-15,99.17972662604296,98.79769121826425,1.3433033649888615,0.22497411590060645,-1.3923311618877712,0.3328239373930434,122
6.361223992206523e-15,99.18869083220231,98.81487832662351,1.3171605825627097,0.22269751018366524,-1.4002346928206206,0.3327084153918435,123
6.7058107996281845e-15,99.19945471038235,98.83377562491029,1.28876818076034,0.22498764447563158,-1.3968821532564082,0.3320482552160789,124
6.305185658813905e-15,99.20735668997905,98.84784275889561,1.27227793041639,0.22576400425593857,-1.4017315607346195,0.3320264888667442,125
6.34780706260798e-15,99.2196257168471,98.8612815142981,1.254503200014651,0.22572643350663846,-1.4020281230462572,0.3320472320048403,126
6.5681907855560395e-15,99.23100834234378,98.87776824496773,1.2422229614485847,0.22560344240791075,-1.4028898318618293,0.3320825847741436,127
2.227039688477549e-15,99.23978807808072,98.89124258000936,1.227299659675827,0.22469886102923908,-1.4061160058612039,0.32997652144653705,128
3.2427216468404974e-15,99.25278104831527,98.9097272741845,1.207394485694058,0.22629295537649652,-1.407795823439976,0.33001850106338537,129
4.068355430426901e-15,99.26297416480546,98.92536370852525,1.1917321491217026,0.21618596758910646,-1.4075494855763004,0.33000701466472726,130
4.887814383098627e-15,99.27393975334412,98.93846227450894,1.180304514008717,0.22686270327710334,-1.4032867814561758,0.32987017070937524,131
2.685125635215157e-15,99.28387435528694,98.95252991380839,1.1656505626356584,0.22602084943771672,-1.4071308178478077,0.32979824443040334,132
2.6844687090018427e-15,99.2948798925546,98.96621982834978,1.1532573588557107,0.22815360191632195,-1.3999161633541597,0.329495007938917,133
2.6864756808351203e-15,99.30237924162515,98.9775827387056,1.138663371870931,0.2231007796751907,-1.4021166945661285,0.3292743603527793,134
2.911239900011559e-15,99.3132694327465,98.99182738094576,1.1265232311616165,0.22252632042967457,-1.3999522420860533,0.32918200359103855,135
3.0575052193588954e-15,99.3202316013226,99.00013337587008,1.1198876742996315,0.22124168282018708,-1.3868713016010208,0.3295932308634329,136
2.8582127860868336e-15,99.3266401241213,99.00883418154558,1.1135008251028988,0.22298576953873184,-1.3897038621910909,0.3294858591042281,137
1.901458321809963e-15,99.3341096505861,99.01857620891462,1.1054742994577038,0.23218575125599017,-1.390034440754894,0.32836446718703777,138
7.014568832625911e-16,99.34167646403175,99.0289139952738,1.0939355467785947,0.22673393208598425,-1.3990064968993519,0.32739094947317005,139
8.837353957971804e-16,99.35051367959866,99.04092603170079,1.083754687477665,0.23035354942492425,-1.390401029767867,0.3274031577724822,140
9.77115855263252e-16,99.35956107554168,99.05171347198488,1.0771932200332777,0.23085515479158758,-1.3890593053864269,0.32740452501000433,141
6.130829729103732e-16,99.36596802218821,99.05928848343814,1.0717234002490066,0.24044626875670927,-1.385418765129483,0.3277679151489091,142
4.510942836527082e-16,99.37333923531682,99.07022060231292,1.0641375416631655,0.23403492200921638,-1.3820440552904953,0.32812405535532774,143
5.663138699118324e-16,99.37889660396687,99.07726655842858,1.0577238947521057,0.26210581376194186,-1.4169219783234013,0.3283502552639647,144
4.52710840659024e-16,99.38299381059659,99.08348635027646,1.0479104231360676,0.2609242061600274,-1.3956903834220658,0.32814016094330506,145
4.146597823165386e-16,99.39070727474488,99.09178385108517,1.0431781253970425,0.25798998364095116,-1.3968636518968793,0.32788034317711395,146
1.8295179990276776e-16,99.39652427357436,99.09916869770711,1.0361558595078209,0.2562016370380942,-1.4033749632988046,0.3285902976343984,147
1.1176130753121106e-16,99.40137671475661,99.10701033882285,1.027076525232528,0.25566729994593684,-1.4020488928422177,0.3285565411321611,148
1.9052529874372256e-16,99.40717992229996,99.11333766547654,1.0218500693030637,0.24536847130206318,-1.4035840330101177,0.328379197618359,149
2.1696404868808494e-16,99.41072528249435,99.12085948119147,1.0110727822979662,0.24587613101264116,-1.4048893570125278,0.32842278691618104,150
1.8049787826330727e-16,99.41552028066144,99.12807661708926,1.0018784477402098,0.2432940246737898,-1.4041862745334566,0.32883897568504916,151
1.4939336392706455e-16,99.41971376556745,99.13549169034438,0.9932185055020496,0.23293239692862144,-1.398362082826539,0.328597216954006,152
3.9764398166553705e-17,99.42644404106834,99.14353561642261,0.9844123197735009,0.2418671022955312,-1.3907378672982738,0.3268921149183141,153
4.021334297469319e-16,99.431083519134,99.15108641424598,0.973169390826561,0.24032331462292245,-1.3980776109277828,0.3270732628855132,154
2.1282025095361658e-16,99.43555803494297,99.15881065283668,0.9646212486456422,0.251745636205297,-1.3901111485872315,0.3271395277342791,155
3.6231745136445475e-16,99.44119282046611,99.16750835985297,0.9558453971008605,0.23704084982629414,-1.3758761961680293,0.32926487833246776,156
3.6293881777375964e-16,99.44464248648436,99.17591456043519,0.9423630456318953,0.23094555131061512,-1.3209887789513957,0.3308149477716431,157
3.8880856077213973e-16,99.45074738212526,99.18529480117779,0.9306356098090096,0.2017099473196331,-1.3112965358630504,0.33042610446492837,158
3.946209237084531e-16,99.45504867495964,99.19302865091286,0.9220560475218381,0.22247066430850104,-1.3235786260504554,0.3307865672387073,159
4.513846019916605e-16,99.4606416129435,99.20034386160063,0.9154129604746105,0.2186636171844416,-1.3337478573119377,0.32978438001743654,160
1.4119542186359467e-16,99.46638203501851,99.2081711155574,0.9079403114052105,0.21185811558692613,-1.2401966441869456,0.3320414345888385,161
1.3918902361115121e-16,99.47407214005855,99.21803714712317,0.8983161393863267,0.21260145391024388,-1.2357349852576736,0.33125975671629504,162
7.432413612562443e-17,99.47868571220283,99.22719677692126,0.880994391257169,0.2712114586375871,-1.462443417647548,0.3318408485621104,163
9.89752312590906e-17,99.48330057762128,99.23568790022621,0.8706318018280658,0.26751617034790387,-1.5066635959195338,0.33211242493548404,164
7.616248128769415e-17,99.488664770053,99.24457474254037,0.8613725667166819,0.26825216792186835,-1.5120644883050574,0.3318384259684548,165
7.162848425595862e-17,99.49459880935873,99.25281485737982,0.8475200897131991,0.29526369705612376,-1.4414691698235682,0.332115708082717,166
3.807636308554222e-17,99.50070529862005,99.26285185144887,0.8367898543837526,0.30026551627779874,-1.4572769550317428,0.33235817544790963,167
3.268947115633922e-17,99.50523629766158,99.27025145597337,0.8210843524079956,0.30264629742040183,-1.469536148795207,0.3326219012668933,168
2.9469753519939474e-17,99.51055662131168,99.27762431982208,0.8147643382156078,0.3031372442117255,-1.4705847338437756,0.33264795275421366,169
4.922841715794913e-21,99.51547820330484,99.28683297984952,0.8035675490857258,0.30429754487422267,-1.4717573212253043,0.33288334293196165,170
4.635302448627421e-19,99.52030013184888,99.29392174972452,0.7937209486934942,0.3044398413042493,-1.4590936177552907,0.33293659299340467,171
1.5888677057760729e-18,99.52513579697822,99.30147116930127,0.7834434003434744,0.3207793142397377,-1.458291876763135,0.3333866034348847,172
1.45532310724687e-17,99.53253649863228,99.3102839034183,0.7737933526234381,0.32121921552244803,-1.4607135873767847,0.3334070111550487,173
1.3017718973031055e-17,99.53816572370997,99.31801352338326,0.7639596948412095,0.3107138307857089,-1.4362436685315894,0.33247433036431695,174
1.09704868909188e-17,99.54718308990041,99.3293428103703,0.7565829429213712,0.31116434474719723,-1.4362886494344336,0.33248422502087654,175
4.192836315824572e-18,99.55225299512142,99.33678806728501,0.7493611464259907,0.3058277004946155,-1.4665824724673948,0.3321482779664627,176
3.6952469928306714e-18,99.55784951235684,99.34549788074673,0.7389156726318288,0.3035917330405691,-1.4624747317666316,0.332017995261511,177
3.900196623821853e-18,99.56459339493105,99.35342291466272,0.7315399529820422,0.3057859997504404,-1.4595567227790642,0.3319339704255163,178
2.7068795294466643e-19,99.56992069353568,99.36078674222472,0.7248796418358101,0.3058841123007663,-1.4595039621611683,0.331940298821662,179
3.598014241830978e-19,99.57468820772675,99.36898385103254,0.7142289320047299,0.30318881409524634,-1.4559161273125927,0.3319956836984385,180
2.4824240207298655e-20,99.58019764365275,99.37678861497217,0.7066621937147864,0.30267088021648947,-1.4548362002015187,0.33178478249691346,181
2.4414820553498905e-17,99.58556034180367,99.38468483351788,0.6963007953230148,0.2885342869541234,-1.4538806667014486,0.3322282673107246,182
5.219112704035335e-17,99.59125350374089,99.39545746422483,0.6811046848597313,0.2879299370690287,-1.4516055443561902,0.3320925287831117,183
5.28543287698993e-17,99.59731859764858,99.40336867808601,0.6739350173051004,0.286988509956573,-1.4471396306638784,0.3323866255777619,184
5.765459957642219e-17,99.60204161293188,99.41167698107324,0.666270788903524,0.2865131360975881,-1.4436355198302815,0.3321100251071337,185
5.859996597325772e-17,99.6056484650843,99.41710619692155,0.6594754892597136,0.28583661383838477,-1.4589009193502278,0.332135074733477,186
6.656539105357728e-17,99.60972401620714,99.42278933264757,0.6539183393275497,0.28449038303398044,-1.45718022583398,0.33202156500290847,187
1.1500224639985e-16,99.61202584681999,99.4273008652046,0.6492042776297188,0.284947819609342,-1.4406868563388455,0.3316008013358054,188
1.0370271499974486e-16,99.61429477679911,99.43113397399833,0.6450031475182313,0.28611130555317654,-1.4363700873671839,0.33158983832019423,189
9.71063737008242e-17,99.61707098642543,99.43571969120592,0.6371855788437559,0.28611836830892257,-1.4364331150659861,0.3315948234370419,190
5.519265455427452e-17,99.62027608640622,99.44015156456474,0.6320088410859632,0.28406648508711196,-1.432531652126153,0.3317044048200957,191
5.665511789940179e-17,99.62269409436354,99.44474321478867,0.6255209159021886,0.28382246816502965,-1.4319073948602457,0.33168997873716116,192
8.7365164111943e-17,99.62656256022882,99.45011216281682,0.6199398991559476,0.2889483661396328,-1.433237672868179,0.33140681310677594,193
8.908276486898347e-17,99.629535340336,99.45488313724478,0.6148460611854009,0.2947180530953575,-1.4299977906144772,0.33092914678942476,194
8.939653199798977e-17,99.63163446341773,99.45827292077715,0.610639006283329,0.2930534677060188,-1.4396926488291477,0.331351324989882,195
9.502119548288495e-17,99.63387276090624,99.46286221869286,0.6051582136341825,0.2825268240203678,-1.4406399643804892,0.33124326741144827,196
8.777848661656638e-17,99.63652233156286,99.46756572456565,0.5986746191432982,0.2510574071159719,-1.4587496220466418,0.33209272084226993,197
8.430354773337243e-17,99.64077218056036,99.47274821750938,0.5950619240285528,0.25203090054426047,-1.4585672811486052,0.33200717781188144,198
1.2587771095016837e-16,99.64403899045823,99.47705239111338,0.590335319834831,0.25700749018844826,-1.4461457609502117,0.33193844508660075,199
1.25407179353513e-16,99.64670560895556,99.48209710560153,0.5861013636768478,0.2607662195107183,-1.4541621065440253,0.3322193463098775,200
1.0977756139787561e-16,99.65018724272696,99.48695957091434,0.5806736435613715,0.2614885635049533,-1.4439782394539682,0.3319877150992355,201
1.505531618020222e-16,99.65330295161685,99.4919864665063,0.5743914367857008,0.2606004723695903,-1.4520423359754746,0.33234094490888716,202
1.5033250302020798e-16,99.65568014079841,99.49677304716339,0.5685633907235614,0.260625323827425,-1.4521586156775284,0.3323570251997721,203
1.4135930324803173e-16,99.65904648847601,99.50151053123477,0.5627741291762918,0.23721248901730574,-1.4661200145802393,0.33256562919464216,204
1.0852352055845658e-16,99.66119331249604,99.50506357542253,0.5578274510677463,0.23967476177427427,-1.4392525830567973,0.333207101958057,205
1.1005451982631276e-16,99.66446505701524,99.51015756113456,0.5516931573259461,0.23496036903200768,-1.4109444383323506,0.332814021384685,206
1.2585906691407123e-16,99.66827277868356,99.51441427346214,0.5469444101235805,0.24563883200909364,-1.4036114230706085,0.3336865360009316,207
1.579394444347274e-16,99.67088632104853,99.5188081587666,0.542059907740937,0.24313072296554106,-1.3892208360382732,0.3326660007992252,208
1.631014154766692e-16,99.67363438449817,99.52286363372083,0.537581737546474,0.22755887284087883,-1.3655280401607754,0.3323246228828649,209
1.6308301655433554e-16,99.67658094683298,99.52765588038118,0.5322937406007082,0.22766403284437686,-1.3527817934369963,0.3325673979592457,210
1.710183816703357e-16,99.68013334594582,99.5333384341722,0.5262253030948622,0.22492616277835253,-1.3457510687421603,0.33249953452160275,211
1.6004571766221908e-16,99.68391547894731,99.53880267136186,0.5202703092302379,0.22293785825972678,-1.335261054920486,0.3327813806775215,212
1.6282605263695488e-16,99.68781919485798,99.54442472098519,0.5145015501305561,0.208733663250523,-1.3481406967622336,0.332124023168097,213
1.2739746759509932e-16,99.69169595015998,99.54983887164875,0.5087368495822169,0.20679162100839532,-1.374970843279911,0.3329807190644874,214
1.325249837978478e-16,99.69494015709932,99.55520078536192,0.5027588505810326,0.2014687412854368,-1.3696901257483685,0.332422226357006,215
1.3173978242752361e-16,99.69820178161933,99.56011476316881,0.49714735978011365,0.19952806023109115,-1.3659819514947724,0.3323529551198877,216
1.3098781841373658e-16,99.70160483119676,99.56518725987296,0.491490629864297,0.20934174760618252,-1.3687059349817972,0.3324380260293456,217
1.320583436343662e-16,99.70525095860332,99.57040664682873,0.48726098174655424,0.20495244325355344,-1.3401116038376113,0.33259829849830497,218
1.268581608646536e-16,99.70883868625387,99.5754328918522,0.48224581213982054,0.21040766934246102,-1.3524845261874932,0.33189282522669417,219
9.676316697476149e-17,99.71270079003037,99.5810163053887,0.47628606941412394,0.22239210605227644,-1.3600272778398192,0.3314933358117649,220
5.405997422019268e-17,99.71538948664399,99.58573490903575,0.46915717138987784,0.22224336667831857,-1.3637075740963809,0.3315770051525789,221
1.0661482566360443e-16,99.71862273300948,99.59003255819478,0.46627040546837567,0.22144230093139683,-1.3629433229364647,0.3316052510611504,222
7.488446819042368e-17,99.72298560627408,99.59636571041528,0.4600371403497655,0.2203595576600974,-1.3589536052618296,0.33168611284776445,223
1.0252072511649453e-16,99.72708039403311,99.60084504376698,0.45630069481068497,0.21991065593075643,-1.3581419613642822,0.3315559808784856,224
1.315069056036521e-16,99.72976609954642,99.60515074393471,0.45186862078587975,0.2321165045906577,-1.3609308786306524,0.33124706121575753,225
1.30964590125259e-16,99.73459409209788,99.6118388498687,0.44550425925333986,0.22157830549136115,-1.3528119971851513,0.33101112905093566,226
1.5135538551078544e-16,99.73680630330485,99.61631405062721,0.4399826453822538,0.22017327422634336,-1.3545703130318403,0.33084463369405465,227
1.3760467441849432e-16,99.74065652380678,99.62139214559517,0.4340052035530455,0.21962741703324173,-1.3521074625610217,0.33062595327922323,228
1.3305280416453987e-16,99.74385320404139,99.62621680286048,0.4290609076581417,0.19723346770817152,-1.3470175359930243,0.33059404088139177,229
1.5358398298998295e-16,99.74765154050755,99.63246158324844,0.4216411925893775,0.1950066411065121,-1.3438272796456747,0.3306686883871412,230
1.5574481681431824e-16,99.75129115607076,99.63710904954505,0.4168008023874311,0.189690406632693,-1.3602852002295691,0.33069838579703015,231
1.5651978774616123e-16,99.75421568917452,99.64220571709951,0.41204004551537343,0.19238128015458766,-1.3588645087866595,0.3305809540370555,232
1.0916753739240348e-16,99.75776008638877,99.6473451120917,0.4071386033186352,0.1936301763708288,-1.363370110851327,0.33049884005637437,233
1.119318855860338e-16,99.76139701288344,99.65347247546258,0.3984662499773232,0.19158389592014524,-1.3688056426985673,0.33020277536473164,234
8.55767125862318e-17,99.76467194057071,99.65789865311228,0.39295925480638355,0.18694091740813246,-1.3541434452368044,0.3312124799592221,235
8.413737301899524e-17,99.76943147502959,99.66359422166832,0.3875915194546957,0.19504355764244874,-1.3846341194835876,0.3318806121664132,236
7.408970804440292e-17,99.77314590646694,99.66934051648829,0.38053282457898524,0.19587293187069177,-1.406052351729258,0.3318846681451342,237
6.696611525944805e-17,99.77735980709895,99.67474826713043,0.3758762207660212,0.19249650743138647,-1.4152592460165163,0.3319311159525851,238
8.248658671004255e-17,99.781080209169,99.68041931783367,0.36859303605947896,0.1910450798823775,-1.376819186240735,0.3309849754192764,239
9.615240544399997e-17,99.78442322044013,99.68570334824092,0.3629360260902782,0.1931997312819238,-1.3608874642088917,0.33070688466667764,240
4.730433635261962e-17,99.78709505175883,99.69053688077757,0.35680705652434913,0.19228404753971606,-1.361798243569444,0.33074125282482875,241
3.692479712396485e-17,99.79049669126923,99.69537270942674,0.350585767009214,0.1921183162639193,-1.3612208025884325,0.3307546598629712,242
3.3123480388166735e-17,99.79322722099519,99.69949718980108,0.34684119233461974,0.1940000132739308,-1.3629801667660448,0.3310227086230024,243
1.8104463044480137e-17,99.79742375154484,99.70533833389173,0.340890530177478,0.1909214384860114,-1.3768193679627814,0.3312400390961021,244
2.0737008204611977e-17,99.80169710462286,99.71134629467542,0.33433289551399575,0.19622057667586956,-1.3597643100999548,0.3313872140510446,245
4.179723088244142e-17,99.80561247530002,99.71724649661715,0.3265618666810748,0.20011596601210213,-1.3575356273258707,0.3315525119252367,246
4.391387655291377e-17,99.81020336372958,99.72346636076776,0.3202831542365098,0.20007821861535513,-1.3583561451026345,0.3314910706237598,247
5.934216573582204e-17,99.81460711492868,99.72911655011696,0.3147037456583413,0.20852486990206498,-1.3543943616544958,0.330988627226418,248
4.23111779671613e-17,99.81955456769535,99.73592345137915,0.3088242076203507,0.20653326729829724,-1.3574426296607456,0.33102512041150584,249
5.031713014458589e-17,99.82494516364986,99.74341850694398,0.30193854486386296,0.2060276236728853,-1.3581518009657296,0.33107512971096453,250
2.917159836615098e-17,99.82966739389028,99.75020362368096,0.29541033157344565,0.2087403784816475,-1.3259802844161204,0.33084180809822156,251
2.683942846987271e-17,99.83693159798835,99.75789699845241,0.29160186046695435,0.20915781348577756,-1.325259203311603,0.33088333617237564,252
2.881022706371617e-17,99.84211772390111,99.763815815914,0.2879966454187391,0.2056106864088607,-1.3363663663738423,0.3307906954672285,253
2.0203498452537614e-17,99.84455132182684,99.76796529107251,0.28090445295157274,0.20769112873430273,-1.4018117065377655,0.33210891178205787,254
2.348395400855489e-17,99.8475981204502,99.77255535352215,0.2752975652028995,0.2118438720062058,-1.425866277635981,0.33249528806920886,255
2.25925221243491e-17,99.85231086292195,99.77780733646959,0.2721097036897873,0.21209271096957205,-1.4248855858993918,0.3325270340352464,256
2.271843716005977e-17,99.85608388471563,99.7831804475013,0.2653160807180803,0.21445756387456927,-1.4143283773302295,0.332290216253089,257
4.69908037701099e-18,99.86072127330894,99.78912693896436,0.2602132840064074,0.2166458898556498,-1.4231492490989694,0.33338322255329006,258
4.020323647570861e-18,99.8640758564329,99.79354585228883,0.25504013304718154,0.21712212583103252,-1.4221989908922028,0.3334272350357053,259
4.5983133754758186e-18,99.86854948382356,99.79971279812378,0.24884749720306512,0.2185348184321425,-1.420599269660924,0.33347032619049904,260
8.123657718054999e-19,99.8724556679282,99.80506911799213,0.24330952833261013,0.21814913995940133,-1.412799963654984,0.3332883241451509,261
9.814820707687103e-19,99.8773078436155,99.81070662248493,0.24054961207073677,0.21761281206526562,-1.4095229961800788,0.333233892480664,262
1.7621020422954144e-18,99.88124490779731,99.81603523489375,0.23577582994359833,0.21777210100549604,-1.4003656708357717,0.3334740562041938,263
2.464209187940085e-18,99.88621330020263,99.82125645651486,0.2331743722747137,0.2152772197023407,-1.3979191945910312,0.3333933113351919,264
4.171280125331609e-18,99.89028900725397,99.82619557605585,0.22903011059115985,0.2209558489903971,-1.3827541297148205,0.3335383895310903,265
1.9529404111596964e-18,99.89544958835506,99.83190512811898,0.22605992065198932,0.22695701500706678,-1.373066980828245,0.3359150917870859,266
9.527722860405496e-19,99.89968787848238,99.83749351764484,0.22075596385208401,0.21776669225614587,-1.3955909641849136,0.33604276295990404,267
6.888183543051271e-20,99.90214591825139,99.8417833765178,0.2143099322432438,0.21875240781085203,-1.3826719413907291,0.3356964510527493,268
4.557937467452592e-23,99.90544416045978,99.84697813774656,0.2077222974587231,0.2182894073872963,-1.3749944960239207,0.33541416885583414,269
5.281816020453707e-19,99.90767906466675,99.85076228424204,0.20239643178046293,0.21831301819245552,-1.3656254558709247,0.33514003795725,270
1.883778496639444e-18,99.90975987417177,99.85511172141194,0.19471875608749942,0.2189479715634587,-1.3474773961603308,0.3347156560624363,271
2.1744998517634342e-18,99.91264457384173,99.8592198131859,0.18878071438132707,0.2181902972771037,-1.3512179662923653,0.3351301367131056,272
2.3096626409303e-18,99.91582855431399,99.86397285037648,0.1839289829516843,0.21803511802031839,-1.355115453357607,0.3352904947302056,273
3.2279499149379597e-18,99.91945845741037,99.8689466612688,0.1796790135568423,0.20789230644510714,-1.3629761453452378,0.33571640787418916,274
4.533629916731884e-18,99.92282443625763,99.87367950805707,0.1739145938704464,0.20784840787460235,-1.3701699309091122,0.33599824796587735,275
3.674117556535251e-18,99.92648426606512,99.87916653127161,0.1672519941145507,0.2084385138487792,-1.3698986120404202,0.33613374608918584,276
1.7951663957836487e-18,99.9307083388928,99.88437835318808,0.1628529546596799,0.20732174087346866,-1.3717367450200761,0.3364359550047715,277
2.7394993912200915e-18,99.9366487510587,99.89231433861652,0.15700842718753136,0.20794005746327793,-1.3677856204226178,0.33674167043439085,278
7.71769923559028e-18,99.9426531712373,99.8999164106815,0.15059220631839246,0.20861610540950049,-1.3728295733409466,0.3369858606590301,279
4.255890364515492e-18,99.94661698458114,99.90600356536083,0.14319493052124335,0.20850361109018156,-1.373575330452204,0.336878463992252,280
3.665706934870655e-18,99.9502720618173,99.9121295981258,0.13302073380256704,0.20888744408059057,-1.388756485354155,0.33692388937073076,281
3.0661229162482575e-18,99.95344424277897,99.91742218703037,0.12543600481559333,0.20886575056738987,-1.3875218326913865,0.33693002524137633,282
2.2333029024563774e-20,99.95711614673621,99.92400168898449,0.11531868376083365,0.21014597533101675,-1.4125369948847428,0.33747613896528944,283
4.345279167885461e-19,99.96233755991855,99.93224531903391,0.10400030905156205,0.2117065666811785,-1.4232847133615332,0.337720463444947,284
5.92519904659336e-19,99.96568507507587,99.93899913409432,0.09141306185652832,0.21270859269931008,-1.4280888941102834,0.3378665070050299,285
3.8115583396541367e-19,99.97137867052191,99.94801127405536,0.07987566900696039,0.21448115634625986,-1.4277622322582122,0.33792567935784973,286
3.2102824937092584e-19,99.97783905709093,99.95849073799539,0.06400792661567936,0.21345854015173538,-1.428461961710549,0.33783084291174653,287
2.905356193437432e-20,99.98813929681288,99.9744714324337,0.04238776865149365,0.21345853432418516,-1.4284619357599526,0.3378308436642682,288
8.548512647133105e-32,99.99999999995322,99.99999999990789,1.8083560135431202e-10,0.21328867876716495,-1.4302106302725583,0.3378181749242282,289
8.538401663945378e-32,99.99999999995346,99.9999999999083,1.810190586032875e-10,0.21328867876780322,-1.430210630270139,0.33781817492417987,290
8.506386423049122e-32,99.99999999995369,99.99999999990847,1.8094179663160138e-10,0.2132886787694036,-1.4302106302685642,0.3378181749241616,291
8.457829036838892e-32,99.99999999995374,99.99999999990855,1.809510519426822e-10,0.21328867876955537,-1.43021063026596,0.3378181749240855,292
8.548227351950526e-32,99.99999999995447,99.99999999990953,1.789917707451274e-10,0.2132886787620315,-1.4302106302767976,0.3378181749239225,293
8.640612875409777e-32,99.99999999995623,99.99999999991184,1.774098227654414e-10,0.21328867875813085,-1.4302106302884976,0.3378181749242787,294
8.629253173269017e-32,99.99999999995623,99.99999999991186,1.7735029802576217e-10,0.21328867875812962,-1.4302106302884443,0.33781817492428046,295
8.626284386732565e-32,99.99999999995627,99.99999999991188,1.7731597380525822e-10,0.21328867875810187,-1.4302106302883892,0.3378181749242753,296
8.628202185663529e-32,99.99999999995627,99.9999999999119,1.7730302242821638e-10,0.21328867875845392,-1.4302106302893023,0.3378181749242726,297
8.613701910929497e-32,99.99999999995623,99.99999999991195,1.7718479739407288e-10,0.2132886787581647,-1.4302106302893804,0.3378181749242708,298
8.626440067256843e-32,99.99999999995627,99.99999999991196,1.771947916725378e-10,0.21328867875820057,-1.4302106302889488,0.33781817492427374,299
8.623623882218255e-32,99.99999999995629,99.99999999991198,1.7718638082580565e-10,0.21328867875820978,-1.4302106302889364,0.3378181749242753,300
8.634454203575136e-32,99.99999999995629,99.99999999991199,1.7717559733880838e-10,0.2132886787582441,-1.4302106302891842,0.33781817492427213,301
8.659183597479714e-32,99.9999999999563,99.999999999912,1.771692949870297e-10,0.21328867875816027,-1.4302106302889968,0.3378181749242845,302
8.672414738281618e-32,99.99999999995632,99.99999999991202,1.7712556381233664e-10,0.213288678758204,-1.4302106302890696,0.33781817492430405,303
8.635098468811357e-32,99.99999999995636,99.99999999991202,1.771427476054219e-10,0.2132886787581424,-1.4302106302888191,0.33781817492429084,304
8.628878065970156e-32,99.99999999995636,99.99999999991203,1.7715442992351737e-10,0.21328867875815827,-1.4302106302889381,0.3378181749242907,305
8.602110824570968e-32,99.99999999995633,99.99999999991206,1.7710640943097902e-10,0.21328867875815494,-1.4302106302889417,0.3378181749242907,306
8.590829431500172e-32,99.99999999995634,99.99999999991206,1.7711655858336243e-10,0.2132886787581061,-1.4302106302888546,0.33781817492428773,307
8.59259320614003e-32,99.99999999995633,99.99999999991206,1.771456599347276e-10,0.21328867875812185,-1.4302106302890323,0.3378181749242929,308
8.592081180838638e-32,99.9999999999563,99.99999999991206,1.7716253211822042e-10,0.21328867875803148,-1.4302106302892295,0.33781817492428035,309
8.598623893075432e-32,99.9999999999563,99.99999999991209,1.771353436569925e-10,0.2132886787580327,-1.4302106302892108,0.33781817492428007,310
8.598989510770664e-32,99.99999999995634,99.99999999991209,1.7713513899202602e-10,0.21328867875803448,-1.4302106302892046,0.33781817492428035,311
8.589314742541298e-32,99.9999999999563,99.99999999991209,1.7713771710303772e-10,0.21328867875775526,-1.4302106302897712,0.3378181749242787,312
8.591978777609083e-32,99.99999999995633,99.99999999991212,1.7712794923816317e-10,0.21328867875789903,-1.4302106302898734,0.33781817492427996,313
8.582025625721883e-32,99.99999999995632,99.99999999991213,1.7706093489869673e-10,0.21328867875838076,-1.4302106302896131,0.33781817492428623,314
8.56733326182544e-32,99.9999999999563,99.99999999991213,1.770924975765539e-10,0.2132886787582794,-1.4302106302900368,0.33781817492430477,315
8.585991015680899e-32,99.99999999995633,99.99999999991213,1.7710590130715651e-10,0.21328867875821733,-1.4302106302900262,0.3378181749243137,316
8.574369210021108e-32,99.99999999995636,99.99999999991218,1.7710541892619868e-10,0.21328867875807822,-1.430210630289979,0.3378181749243169,317
8.582641462879731e-32,99.99999999995637,99.99999999991215,1.7711572621797285e-10,0.2132886787581414,-1.4302106302897135,0.337818174924315,318
8.58488442621984e-32,99.99999999995636,99.99999999991215,1.7713584041487683e-10,0.21328867875830693,-1.4302106302901034,0.3378181749242991,319
8.59309288691811e-32,99.99999999995637,99.99999999991218,1.7713823499934326e-10,0.21328867875830626,-1.4302106302901016,0.3378181749243007,320
8.58432498149747e-32,99.99999999995639,99.99999999991218,1.7714026993832064e-10,0.2132886787582997,-1.4302106302903805,0.33781817492430166,321
8.568849537837011e-32,99.9999999999564,99.99999999991218,1.7713579374985617e-10,0.21328867875830193,-1.4302106302904267,0.33781817492430266,322
8.570835004375648e-32,99.9999999999564,99.99999999991218,1.771345673843006e-10,0.21328867875830992,-1.4302106302904622,0.3378181749243033,323
8.572743102767685e-32,99.9999999999564,99.99999999991218,1.7713394444175629e-10,0.21328867875829072,-1.430210630290417,0.33781817492430205,324
8.568696141024431e-32,99.99999999995639,99.99999999991218,1.7713088917571516e-10,0.21328867875819946,-1.4302106302905067,0.33781817492429944,325
8.568824853199761e-32,99.9999999999564,99.99999999991218,1.771384940516724e-10,0.21328867875820012,-1.430210630290552,0.33781817492430105,326
8.561239538501899e-32,99.9999999999564,99.99999999991218,1.771387514572092e-10,0.21328867875820035,-1.4302106302905493,0.3378181749243005,327
8.56129064836744e-32,99.99999999995637,99.99999999991218,1.7713756421309676e-10,0.21328867875818536,-1.4302106302905617,0.33781817492430055,328
8.57350146331741e-32,99.99999999995639,99.99999999991218,1.7713435145170113e-10,0.2132886787581839,-1.4302106302904205,0.33781817492430066,329
8.568341746742459e-32,99.99999999995642,99.99999999991219,1.771339952939984e-10,0.21328867875818636,-1.4302106302903344,0.3378181749243015,330
8.571335815560345e-32,99.9999999999564,99.99999999991219,1.7713555463534872e-10,0.21328867875818602,-1.4302106302903272,0.3378181749243015,331
8.571224718858647e-32,99.9999999999564,99.99999999991219,1.771350505679045e-10,0.21328867875812674,-1.4302106302903512,0.3378181749242997,332
8.560416514435234e-32,99.9999999999564,99.99999999991219,1.77136516487642e-10,0.2132886787581365,-1.4302106302900368,0.3378181749242974,333
8.5615920234352e-32,99.99999999995642,99.99999999991219,1.7713142955961605e-10,0.21328867875813706,-1.430210630290036,0.33781817492429733,334
8.559489558257771e-32,99.9999999999564,99.99999999991219,1.7713046281300437e-10,0.2132886787581334,-1.4302106302900608,0.33781817492429683,335
8.571716724003646e-32,99.99999999995636,99.99999999991219,1.7711649912842538e-10,0.2132886787581164,-1.4302106302900253,0.33781817492429583,336
8.556483464013677e-32,99.99999999995634,99.99999999991219,1.7711547758000162e-10,0.2132886787580368,-1.4302106302897464,0.3378181749242694,337
8.557501882294417e-32,99.99999999995637,99.99999999991219,1.7710559896239605e-10,0.2132886787580357,-1.4302106302897482,0.3378181749242691,338
8.5505468340896e-32,99.99999999995637,99.99999999991219,1.7711282837054225e-10,0.21328867875802648,-1.4302106302898023,0.33781817492427235,339
8.560090488004511e-32,99.99999999995636,99.9999999999122,1.7711320630401578e-10,0.21328867875803204,-1.4302106302898494,0.3378181749242784,340
8.562668909851042e-32,99.99999999995634,99.9999999999122,1.7711358227132817e-10,0.21328867875801738,-1.4302106302898858,0.3378181749242763,341
8.555470391773944e-32,99.99999999995636,99.9999999999122,1.7711198327361037e-10,0.2132886787580086,-1.4302106302898263,0.33781817492427424,342
8.564577861830932e-32,99.99999999995636,99.9999999999122,1.7711795865668835e-10,0.21328867875804125,-1.430210630289709,0.3378181749242731,343
8.556016562399868e-32,99.99999999995636,99.9999999999122,1.7711576892543288e-10,0.21328867875806357,-1.430210630289709,0.33781817492427807,344
8.557237581069791e-32,99.99999999995639,99.9999999999122,1.7712595109481166e-10,0.21328867875811408,-1.4302106302896451,0.3378181749242809,345
8.557545932895345e-32,99.99999999995639,99.9999999999122,1.7712550035679358e-10,0.2132886787581203,-1.430210630289669,0.3378181749242811,346
8.57074330813784e-32,99.99999999995644,99.99999999991225,1.7706484474610335e-10,0.21328867875839042,-1.4302106302894506,0.337818174924275,347
8.579061446574362e-32,99.99999999995646,99.99999999991226,1.7706551039044168e-10,0.213288678758363,-1.4302106302894142,0.337818174924275,348
8.578082321328956e-32,99.99999999995646,99.99999999991226,1.7705917293437536e-10,0.21328867875836544,-1.4302106302894204,0.3378181749242749,349
8.569882798115502e-32,99.99999999995643,99.99999999991226,1.7705373269572166e-10,0.21328867875834945,-1.4302106302894124,0.33781817492427946,350
8.562675960067071e-32,99.99999999995644,99.99999999991226,1.770635907004355e-10,0.21328867875822832,-1.4302106302895794,0.3378181749242934,351
8.568542745584893e-32,99.99999999995646,99.99999999991226,1.7706528466183724e-10,0.2132886787582744,-1.4302106302895332,0.33781817492429256,352
8.554672309273849e-32,99.99999999995646,99.99999999991226,1.7706211860640358e-10,0.21328867875827429,-1.430210630289638,0.3378181749242933,353
8.550305536926338e-32,99.99999999995643,99.99999999991226,1.7707116357571525e-10,0.2132886787582503,-1.43021063028967,0.3378181749242961,354
8.56309545314483e-32,99.99999999995646,99.99999999991226,1.7706873702520518e-10,0.21328867875825297,-1.4302106302896807,0.33781817492429594,355
8.555479200839267e-32,99.99999999995643,99.99999999991226,1.7706960993753937e-10,0.21328867875819313,-1.4302106302897357,0.3378181749242916,356
8.553377486403094e-32,99.99999999995646,99.99999999991226,1.7706916115147703e-10,0.21328867875824153,-1.430210630289837,0.33781817492429,357
8.548472141971533e-32,99.99999999995644,99.99999999991226,1.770628321108453e-10,0.21328867875822055,-1.4302106302898707,0.337818174924291,358
8.558143270236109e-32,99.99999999995646,99.99999999991229,1.770613196004651e-10,0.21328867875825852,-1.4302106302900963,0.33781817492429916,359
8.557646368689393e-32,99.99999999995647,99.99999999991229,1.7705761936179674e-10,0.2132886787582624,-1.4302106302900652,0.337818174924297,360
8.555986610655695e-32,99.99999999995649,99.99999999991229,1.7705282933678377e-10,0.21328867875817192,-1.430210630290146,0.337818174924297,361
8.565201886734228e-32,99.99999999995649,99.99999999991229,1.7705579658528693e-10,0.21328867875814683,-1.4302106302901993,0.33781817492429517,362
8.562712973748839e-32,99.99999999995649,99.99999999991229,1.7705989240339693e-10,0.2132886787581446,-1.4302106302901727,0.3378181749242948,363
8.557582935487738e-32,99.9999999999565,99.99999999991229,1.7705800510968212e-10,0.21328867875806834,-1.430210630290171,0.33781817492429644,364
8.566936583848692e-32,99.9999999999565,99.99999999991229,1.770564592604511e-10,0.21328867875801194,-1.4302106302902526,0.3378181749242957,365
8.571847222361234e-32,99.99999999995649,99.9999999999123,1.7705299511605124e-10,0.2132886787579884,-1.430210630290298,0.3378181749242956,366
8.561255400167981e-32,99.9999999999565,99.9999999999123,1.7705094840346536e-10,0.21328867875797985,-1.4302106302902846,0.3378181749242944,367
8.556962712125917e-32,99.99999999995649,99.9999999999123,1.7705460893464696e-10,0.21328867875797863,-1.43021063029029,0.3378181749242944,368
8.567403783316076e-32,99.99999999995649,99.9999999999123,1.770549922225328e-10,0.21328867875798296,-1.4302106302902953,0.33781817492429417,369
8.569059358689175e-32,99.99999999995649,99.9999999999123,1.7705296914811044e-10,0.2132886787579642,-1.4302106302903166,0.33781817492429467,370
8.579908302658031e-32,99.99999999995651,99.9999999999123,1.7703237011772863e-10,0.21328867875803992,-1.4302106302905742,0.3378181749242976,371
8.582922037850869e-32,99.99999999995653,99.9999999999123,1.7703425384845712e-10,0.21328867875802837,-1.4302106302905049,0.33781817492430066,372
8.579643655642149e-32,99.99999999995653,99.9999999999123,1.7704003177413976e-10,0.21328867875802038,-1.4302106302905049,0.33781817492430105,373
8.583199088076981e-32,99.99999999995654,99.9999999999123,1.770307513159121e-10,0.21328867875812652,-1.4302106302908566,0.33781817492430405,374
8.575164683074305e-32,99.99999999995653,99.9999999999123,1.7703015269656356e-10,0.21328867875807234,-1.430210630290767,0.33781817492430155,375
8.57425280242532e-32,99.99999999995653,99.9999999999123,1.7703287293642854e-10,0.21328867875802915,-1.4302106302906603,0.33781817492429783,376
8.570260147601991e-32,99.99999999995653,99.9999999999123,1.770295789050307e-10,0.21328867875802104,-1.4302106302906132,0.33781817492429556,377
8.567964439492494e-32,99.99999999995653,99.99999999991232,1.7703276568085704e-10,0.21328867875805746,-1.4302106302906363,0.3378181749242923,378
8.58338967299401e-32,99.99999999995654,99.9999999999123,1.7703754430368912e-10,0.21328867875805002,-1.4302106302905413,0.33781817492428795,379
8.576951545310462e-32,99.99999999995656,99.99999999991232,1.770426163876831e-10,0.21328867875805535,-1.4302106302906408,0.33781817492428945,380
8.578117604151075e-32,99.99999999995654,99.99999999991232,1.7703597334958257e-10,0.2132886787580558,-1.4302106302906399,0.33781817492428934,381
8.588229121083171e-32,99.99999999995654,99.99999999991232,1.7702993395403681e-10,0.2132886787580589,-1.4302106302905724,0.33781817492428606,382
8.582930861037543e-32,99.99999999995654,99.99999999991232,1.7703068284323665e-10,0.21328867875805246,-1.4302106302905404,0.33781817492428606,383
8.581196309735445e-32,99.99999999995656,99.99999999991232,1.7702738614025396e-10,0.2132886787580548,-1.430210630290551,0.33781817492428645,384
8.565300604620652e-32,99.99999999995656,99.99999999991232,1.7702461644342896e-10,0.2132886787580126,-1.430210630290512,0.33781817492428523,385
8.571751993732063e-32,99.99999999995656,99.99999999991232,1.7702791512431467e-10,0.21328867875801194,-1.4302106302905093,0.33781817492428506,386
8.566936583848692e-32,99.99999999995656,99.99999999991232,1.770294017071837e-10,0.2132886787579341,-1.430210630290457,0.3378181749242819,387
8.579396655443147e-32,99.99999999995656,99.99999999991232,1.7702755752957704e-10,0.2132886787579319,-1.4302106302904551,0.33781817492428096,388
8.571087171558841e-32,99.99999999995654,99.99999999991235,1.7703376332444496e-10,0.21328867875792845,-1.4302106302904356,0.33781817492428123,389
8.56326466334496e-32,99.99999999995657,99.99999999991235,1.7703129143944136e-10,0.2132886787579077,-1.4302106302904374,0.3378181749242811,390
8.568130171560486e-32,99.99999999995656,99.99999999991235,1.7703134474248288e-10,0.2132886787578695,-1.4302106302903654,0.3378181749242771,391
8.572709594586941e-32,99.99999999995657,99.99999999991235,1.7702994496854446e-10,0.21328867875785218,-1.4302106302902944,0.3378181749242711,392
8.574759004844789e-32,99.99999999995659,99.99999999991236,1.7703840766170117e-10,0.21328867875790836,-1.43021063029056,0.33781817492427046,393
8.577810646029085e-32,99.99999999995657,99.99999999991235,1.7703439305259998e-10,0.2132886787579138,-1.4302106302906816,0.33781817492427124,394
8.564932178266335e-32,99.99999999995656,99.99999999991235,1.7703604326567714e-10,0.2132886787579149,-1.4302106302906807,0.33781817492427096,395
8.569955093401808e-32,99.99999999995654,99.99999999991236,1.7703653954372504e-10,0.21328867875788082,-1.430210630290655,0.3378181749242715,396
8.582357363336624e-32,99.99999999995656,99.99999999991236,1.770362669776921e-10,0.21328867875787483,-1.430210630290686,0.3378181749242702,397
8.583380849571511e-32,99.99999999995656,99.99999999991236,1.7703292450105743e-10,0.2132886787579067,-1.4302106302907305,0.33781817492427124,398
8.580839892623701e-32,99.99999999995654,99.99999999991236,1.7702770539897872e-10,0.21328867875792024,-1.430210630290663,0.3378181749242718,399
8.584197917728662e-32,99.99999999995657,99.99999999991236,1.7702669463415843e-10,0.21328867875786706,-1.4302106302907571,0.33781817492427313,400
8.577891795343375e-32,99.99999999995656,99.99999999991236,1.7702733873429119e-10,0.21328867875785962,-1.4302106302907465,0.33781817492427224,401
8.573402698183372e-32,99.99999999995657,99.99999999991236,1.7702938840266166e-10,0.21328867875790425,-1.4302106302908015,0.3378181749242767,402
8.577344926952706e-32,99.99999999995659,99.99999999991238,1.7703023199839252e-10,0.21328867875791002,-1.4302106302912723,0.3378181749242809,403
8.576006055034115e-32,99.99999999995656,99.99999999991236,1.7703132073470065e-10,0.2132886787579279,-1.4302106302913673,0.3378181749242811,404
8.570741544753457e-32,99.99999999995657,99.99999999991236,1.7703292857319668e-10,0.213288678757926,-1.4302106302913167,0.3378181749242802,405
8.563061963824238e-32,99.99999999995657,99.9999999999124,1.7703200246656322e-10,0.21328867875792812,-1.4302106302913309,0.3378181749242799,406
8.558668380455276e-32,99.99999999995661,99.99999999991236,1.7702718416687556e-10,0.21328867875796143,-1.430210630291354,0.33781817492427985,407
8.568017332531537e-32,99.9999999999566,99.9999999999124,1.7701935749922864e-10,0.21328867875795854,-1.4302106302913282,0.3378181749242796,408
8.557767949649694e-32,99.99999999995659,99.99999999991236,1.7701606205672713e-10,0.21328867875801327,-1.4302106302912971,0.33781817492427935,409
8.56032134932194e-32,99.99999999995659,99.99999999991235,1.7702055191801087e-10,0.21328867875791868,-1.4302106302914348,0.33781817492428323,410
8.563581936976266e-32,99.99999999995659,99.99999999991238,1.7701591641818614e-10,0.21328867875788982,-1.4302106302914126,0.3378181749242835,411
8.5664711600652e-32,99.99999999995657,99.99999999991238,1.7701332410577673e-10,0.21328867875798108,-1.4302106302913753,0.3378181749242899,412
8.561292410779317e-32,99.99999999995659,99.99999999991238,1.7701020788493942e-10,0.21328867875781476,-1.4302106302913256,0.33781817492429833,413
8.555267784523179e-32,99.99999999995657,99.99999999991238,1.7699972732840576e-10,0.21328867875783541,-1.4302106302912385,0.3378181749242949,414
8.548607746585246e-32,99.99999999995659,99.99999999991238,1.7700292636074828e-10,0.21328867875774993,-1.4302106302916666,0.33781817492429655,415
8.55184496557478e-32,99.99999999995657,99.99999999991238,1.7700247868844046e-10,0.21328867875774027,-1.4302106302915183,0.33781817492429517,416
8.552091568852149e-32,99.99999999995656,99.99999999991238,1.769975941137507e-10,0.21328867875772173,-1.4302106302915014,0.33781817492429383,417
8.550155828719067e-32,99.99999999995657,99.99999999991238,1.7701054144896113e-10,0.2132886787576984,-1.4302106302912403,0.3378181749242883,418
8.558937990282866e-32,99.99999999995657,99.99999999991238,1.7701267336162775e-10,0.21328867875768642,-1.4302106302912039,0.3378181749242911,419
8.55322246656034e-32,99.99999999995657,99.99999999991238,1.7700555507630888e-10,0.21328867875767576,-1.4302106302910627,0.33781817492429556,420
8.560044668571298e-32,99.99999999995657,99.9999999999124,1.769987901142686e-10,0.21328867875759594,-1.4302106302911284,0.3378181749242931,421
8.555380539566683e-32,99.99999999995659,99.99999999991238,1.769948496330032e-10,0.21328867875754387,-1.4302106302911257,0.3378181749243013,422
8.558388202192802e-32,99.99999999995659,99.99999999991238,1.7699247282981907e-10,0.21328867875751667,-1.4302106302909978,0.3378181749242972,423
8.55921993974295e-32,99.99999999995659,99.9999999999124,1.770113237318693e-10,0.21328867875758895,-1.4302106302910564,0.3378181749242986,424
8.555066941442452e-32,99.99999999995659,99.9999999999124,1.7701016111784012e-10,0.2132886787575805,-1.430210630291067,0.3378181749242975,425
8.554386911323674e-32,99.99999999995659,99.9999999999124,1.770106746255497e-10,0.2132886787575502,-1.430210630291218,0.3378181749242996,426
8.566301918187675e-32,99.99999999995659,99.9999999999124,1.770092497462615e-10,0.21328867875753643,-1.4302106302912136,0.33781817492429966,427
8.566518759644476e-32,99.9999999999566,99.9999999999124,1.7700782997026262e-10,0.21328867875753243,-1.4302106302912136,0.3378181749242998,428
8.572321609894766e-32,99.99999999995659,99.9999999999124,1.7701296292337992e-10,0.2132886787575745,-1.430210630291274,0.3378181749243084,429
8.572921226301486e-32,99.9999999999566,99.9999999999124,1.7701158639390707e-10,0.21328867875764923,-1.430210630291377,0.33781817492431065,430
8.574355099967411e-32,99.99999999995661,99.99999999991242,1.7701424533837364e-10,0.2132886787576168,-1.430210630291354,0.33781817492431704,431
8.57060047459069e-32,99.9999999999566,99.99999999991242,1.7701068614603684e-10,0.21328867875763613,-1.4302106302913629,0.3378181749243169,432
8.54538522660618e-32,99.9999999999566,99.9999999999124,1.7701070160647937e-10,0.21328867875762914,-1.4302106302913042,0.3378181749243124,433
8.545029553980361e-32,99.9999999999566,99.99999999991242,1.77011981223821e-10,0.21328867875761115,-1.43021063029133,0.33781817492431154,434
8.549039222966156e-32,99.9999999999566,99.99999999991242,1.7701175255516234e-10,0.21328867875764523,-1.4302106302913025,0.3378181749243112,435
8.539253551458334e-32,99.99999999995659,99.99999999991243,1.770281686433777e-10,0.21328867875764712,-1.4302106302912954,0.33781817492431093,436
8.538487906822266e-32,99.99999999995661,99.99999999991243,1.7703002194892274e-10,0.21328867875761215,-1.4302106302912616,0.33781817492431104,437
8.536400599499458e-32,99.99999999995659,99.99999999991243,1.7703807353420196e-10,0.21328867875763502,-1.4302106302913407,0.3378181749243141,438
8.539443647859503e-32,99.9999999999566,99.99999999991243,1.7703781623679914e-10,0.21328867875763147,-1.430210630291132,0.33781817492431016,439
8.540188212470207e-32,99.99999999995663,99.99999999991243,1.7703553140609755e-10,0.21328867875758228,-1.4302106302913913,0.3378181749243123,440
8.542617514183713e-32,99.9999999999566,99.99999999991243,1.7703147730695721e-10,0.2132886787575905,-1.4302106302913957,0.3378181749243132,441
8.55058734416612e-32,99.99999999995661,99.99999999991243,1.7702874325308197e-10,0.21328867875756896,-1.430210630291401,0.33781817492431254,442
8.554533133135513e-32,99.99999999995663,99.99999999991243,1.7702627445515248e-10,0.21328867875757662,-1.4302106302914286,0.33781817492431754,443
8.555014088391986e-32,99.99999999995663,99.99999999991245,1.7702624237280647e-10,0.21328867875753743,-1.4302106302916364,0.337818174924301,444
8.555769902539137e-32,99.99999999995663,99.99999999991245,1.7702892036789484e-10,0.21328867875759905,-1.430210630291696,0.33781817492430066,445
8.555045800202674e-32,99.99999999995661,99.99999999991245,1.7702103911559705e-10,0.2132886787575905,-1.4302106302916,0.33781817492430066,446
8.560904684536263e-32,99.9999999999566,99.99999999991245,1.7702435748592133e-10,0.21328867875757562,-1.4302106302915236,0.33781817492430016,447
8.562214177048268e-32,99.99999999995661,99.99999999991245,1.7702064310674685e-10,0.21328867875758728,-1.4302106302914348,0.33781817492429866,448
8.55365229775863e-32,99.99999999995661,99.99999999991245,1.7701800488815438e-10,0.21328867875766477,-1.4302106302914686,0.3378181749242982,449
8.555308305781404e-32,99.99999999995661,99.99999999991245,1.7701672431936174e-10,0.21328867875764645,-1.4302106302914694,0.3378181749242972,450
8.558178512028398e-32,99.99999999995661,99.99999999991245,1.7701820947060463e-10,0.21328867875768132,-1.4302106302914028,0.3378181749242941,451
8.562693585619841e-32,99.9999999999566,99.99999999991245,1.7701787566811463e-10,0.21328867875767954,-1.4302106302913717,0.33781817492429267,452
8.571889546366216e-32,99.9999999999566,99.99999999991245,1.7702094418196156e-10,0.21328867875769542,-1.4302106302913788,0.33781817492429844,453
8.56148803962533e-32,99.9999999999566,99.99999999991246,1.770186331681227e-10,0.213288678757672,-1.4302106302915432,0.33781817492429866,454
8.550645467487002e-32,99.9999999999566,99.99999999991248,1.7702233223429015e-10,0.21328867875770074,-1.4302106302915814,0.33781817492429994,455
8.547058043664846e-32,99.99999999995661,99.99999999991246,1.7702155690209396e-10,0.21328867875767188,-1.4302106302918673,0.3378181749243046,456
8.548185086402444e-32,99.9999999999566,99.99999999991246,1.7701814760354486e-10,0.2132886787576782,-1.4302106302920494,0.3378181749243074,457
8.552930046590399e-32,99.99999999995661,99.99999999991246,1.7701887428532081e-10,0.21328867875767243,-1.4302106302920254,0.33781817492430527,458
8.571755520708897e-32,99.99999999995663,99.99999999991246,1.7702026378484993e-10,0.21328867875761437,-1.4302106302917483,0.33781817492430016,459
8.557232295086929e-32,99.99999999995664,99.99999999991246,1.7701376193116886e-10,0.2132886787576106,-1.4302106302918514,0.3378181749242979,460
8.558562652270289e-32,99.99999999995664,99.99999999991246,1.7702010687813757e-10,0.21328867875772262,-1.4302106302921374,0.33781817492430544,461
8.557737994840163e-32,99.99999999995666,99.99999999991248,1.7701881016710429e-10,0.2132886787577183,-1.4302106302920894,0.33781817492430366,462
8.544168575153007e-32,99.99999999995664,99.99999999991248,1.7701571394106622e-10,0.2132886787577345,-1.4302106302919952,0.3378181749243022,463
8.557575887368732e-32,99.99999999995667,99.99999999991248,1.770115616262747e-10,0.2132886787577195,-1.4302106302920299,0.33781817492430216,464
8.556615608292742e-32,99.99999999995666,99.99999999991248,1.770129483204892e-10,0.2132886787577184,-1.4302106302920166,0.3378181749243023,465
8.556434130411076e-32,99.99999999995666,99.99999999991248,1.7701798339814067e-10,0.21328867875767066,-1.4302106302922253,0.337818174924301,466
8.547158417894555e-32,99.99999999995664,99.99999999991248,1.7702172387627328e-10,0.2132886787576772,-1.4302106302921889,0.3378181749243025,467
8.54742432440447e-32,99.99999999995663,99.99999999991248,1.7701918590234128e-10,0.21328867875762858,-1.4302106302921924,0.33781817492430277,468
8.547420802436914e-32,99.99999999995664,99.99999999991248,1.770168978351219e-10,0.21328867875762725,-1.4302106302922004,0.33781817492430233,469
8.552510802583567e-32,99.99999999995664,99.99999999991248,1.7701698617266256e-10,0.21328867875762214,-1.4302106302922768,0.33781817492430244,470
8.549979703094378e-32,99.99999999995666,99.99999999991248,1.7702256640467818e-10,0.21328867875763025,-1.4302106302922137,0.33781817492430216,471
8.556892233620639e-32,99.99999999995667,99.99999999991248,1.770209773077975e-10,0.21328867875755353,-1.4302106302922653,0.33781817492430727,472
8.551689959620272e-32,99.99999999995666,99.99999999991248,1.7702114235404344e-10,0.21328867875756785,-1.4302106302922617,0.33781817492430766,473
8.544939756616446e-32,99.99999999995667,99.99999999991249,1.7702008112243539e-10,0.21328867875748092,-1.4302106302923931,0.3378181749243084,474
8.555179695162437e-32,99.99999999995667,99.99999999991248,1.7702065308329185e-10,0.21328867875748414,-1.4302106302923399,0.33781817492430777,475
8.546667118072289e-32,99.99999999995663,99.99999999991248,1.7702209748162386e-10,0.21328867875745983,-1.430210630292228,0.3378181749243146,476
8.552320560793336e-32,99.99999999995663,99.99999999991248,1.770225430970016e-10,0.21328867875742286,-1.430210630292084,0.33781817492430943,477
8.546285005750709e-32,99.99999999995664,99.99999999991248,1.770238345070712e-10,0.2132886787574526,-1.430210630292132,0.33781817492431104,478
8.532209156169784e-32,99.99999999995664,99.9999999999125,1.7702277061517025e-10,0.21328867875746704,-1.4302106302922537,0.3378181749243155,479
8.530594088801939e-32,99.99999999995667,99.9999999999125,1.7702558759653366e-10,0.21328867875747703,-1.4302106302922342,0.3378181749243152,480
8.544969689018657e-32,99.99999999995667,99.9999999999125,1.7702549618661626e-10,0.21328867875750335,-1.4302106302922057,0.33781817492430954,481
8.535849775957688e-32,99.99999999995669,99.9999999999125,1.770404315850857e-10,0.21328867875751534,-1.4302106302921516,0.3378181749243091,482
8.546124767641913e-32,99.99999999995667,99.9999999999125,1.7704199326584473e-10,0.2132886787575069,-1.4302106302921658,0.3378181749243078,483
8.548496797275846e-32,99.99999999995667,99.99999999991249,1.7704102756801642e-10,0.21328867875750668,-1.430210630292164,0.3378181749243078,484
8.539198987141423e-32,99.99999999995667,99.99999999991249,1.7704305554674654e-10,0.21328867875749302,-1.4302106302917936,0.3378181749243033,485
8.543087571140363e-32,99.99999999995667,99.99999999991249,1.7704210609548164e-10,0.21328867875747726,-1.430210630291782,0.33781817492430255,486
8.536361882887097e-32,99.99999999995669,99.99999999991249,1.7704510148607602e-10,0.21328867875751423,-1.4302106302917563,0.3378181749242975,487
8.533245483606455e-32,99.99999999995669,99.99999999991249,1.7703887374461468e-10,0.21328867875745738,-1.430210630291871,0.3378181749242966,488
8.549148414633865e-32,99.99999999995669,99.99999999991249,1.7702891598829056e-10,0.21328867875745405,-1.4302106302918816,0.3378181749242972,489
8.548067095633722e-32,99.9999999999567,99.9999999999125,1.7702382226275586e-10,0.21328867875746516,-1.4302106302918371,0.33781817492429944,490
8.547396148684325e-32,99.9999999999567,99.99999999991249,1.770227833398549e-10,0.21328867875751467,-1.430210630291758,0.3378181749242998,491
8.543791800518082e-32,99.99999999995673,99.99999999991249,1.770276530807982e-10,0.21328867875753466,-1.4302106302918345,0.33781817492430144,492
8.543902719290755e-32,99.99999999995673,99.99999999991253,1.7701551594518093e-10,0.21328867875753366,-1.4302106302918487,0.3378181749243025,493
8.54158765931771e-32,99.99999999995673,99.99999999991253,1.7701612038828976e-10,0.21328867875753565,-1.4302106302918416,0.3378181749243022,494
8.546337831830108e-32,99.99999999995673,99.99999999991253,1.7701587941249425e-10,0.21328867875752677,-1.430210630291823,0.33781817492430066,495
8.547688474039307e-32,99.99999999995674,99.99999999991253,1.7701381120572848e-10,0.21328867875753266,-1.4302106302918087,0.33781817492430055,496
8.532276014105295e-32,99.99999999995674,99.99999999991253,1.7700580735489707e-10,0.21328867875753055,-1.4302106302918816,0.3378181749243001,497
8.5370957536159e-32,99.99999999995674,99.99999999991253,1.77004495863152e-10,0.2132886787575451,-1.4302106302918034,0.33781817492429533,498
8.535297210453469e-32,99.99999999995674,99.99999999991253,1.7700405445086985e-10,0.21328867875754864,-1.4302106302918967,0.3378181749242982,499
8.536275650747839e-32,99.99999999995677,99.99999999991253,1.7700670341293519e-10,0.21328867875756197,-1.4302106302918673,0.3378181749242994,500
8.548225590883934e-32,99.99999999995673,99.99999999991253,1.770138791609359e-10,0.21328867875752766,-1.4302106302917075,0.3378181749242964,501
8.54364214934678e-32,99.99999999995674,99.99999999991255,1.7699982478875565e-10,0.21328867875753899,-1.4302106302916808,0.3378181749242977,502
8.550411214097047e-32,99.99999999995677,99.99999999991256,1.7699915603171624e-10,0.21328867875754431,-1.4302106302917021,0.3378181749242989,503
8.545728580964661e-32,99.99999999995677,99.99999999991257,1.7699844910777405e-10,0.21328867875741375,-1.4302106302916684,0.33781817492429494,504
8.53813765784602e-32,99.99999999995674,99.99999999991256,1.7699935915885606e-10,0.21328867875741442,-1.4302106302916728,0.3378181749242952,505
8.536347804140733e-32,99.99999999995674,99.99999999991256,1.7700039526740424e-10,0.21328867875740254,-1.4302106302916986,0.33781817492429533,506
8.5530480709164e-32,99.99999999995673,99.99999999991257,1.7700052750595237e-10,0.21328867875743296,-1.430210630291631,0.33781817492429306,507
8.543844618891465e-32,99.99999999995677,99.99999999991257,1.7699787010961426e-10,0.21328867875743174,-1.4302106302916258,0.33781817492430044,508
8.544105191922927e-32,99.9999999999568,99.99999999991257,1.7699911520648684e-10,0.21328867875741309,-1.430210630291632,0.3378181749243014,509
8.552584786073408e-32,99.9999999999568,99.99999999991257,1.7698778686669072e-10,0.21328867875750646,-1.4302106302918318,0.3378181749243062,510
8.550257982412577e-32,99.9999999999568,99.99999999991259,1.7698123443534148e-10,0.21328867875750535,-1.430210630291831,0.3378181749243063,511
8.547748348523966e-32,99.99999999995678,99.99999999991257,1.7697738837798787e-10,0.2132886787574424,-1.4302106302916986,0.3378181749243033,512
8.547033390435426e-32,99.99999999995678,99.99999999991259,1.7697219126183463e-10,0.21328867875743474,-1.430210630291687,0.3378181749243065,513
8.550943132438815e-32,99.99999999995678,99.99999999991259,1.7697029072279992e-10,0.21328867875739155,-1.4302106302915876,0.33781817492430277,514
8.555248404824903e-32,99.99999999995674,99.99999999991259,1.76974672624621e-10,0.21328867875739277,-1.4302106302915893,0.33781817492430305,515
8.553703384971596e-32,99.99999999995676,99.99999999991259,1.7697559633687345e-10,0.21328867875735003,-1.4302106302915263,0.33781817492429744,516
8.546154702119565e-32,99.99999999995678,99.99999999991259,1.769738412226127e-10,0.21328867875734825,-1.430210630291528,0.3378181749242972,517
8.543247780773353e-32,99.9999999999568,99.99999999991259,1.7697105318286737e-10,0.21328867875737312,-1.4302106302914135,0.3378181749242969,518
8.546304375294201e-32,99.99999999995678,99.99999999991259,1.7697014541501123e-10,0.21328867875736268,-1.4302106302914481,0.3378181749242988,519
8.538470306199772e-32,99.99999999995678,99.99999999991259,1.7696337410068034e-10,0.21328867875740765,-1.4302106302913282,0.3378181749242956,520
8.553174903935669e-32,99.99999999995678,99.99999999991259,1.7695826561208093e-10,0.2132886787574092,-1.4302106302913105,0.3378181749242969,521
8.554633551248168e-32,99.99999999995677,99.99999999991259,1.769574616430284e-10,0.21328867875740842,-1.4302106302913122,0.33781817492429683,522
8.543446724496381e-32,99.99999999995677,99.99999999991259,1.7695777816213368e-10,0.21328867875741064,-1.4302106302913025,0.3378181749242967,523
8.548738068915822e-32,99.99999999995678,99.99999999991259,1.769565468858291e-10,0.21328867875740798,-1.4302106302913904,0.3378181749242998,524
8.537356223713239e-32,99.99999999995678,99.99999999991259,1.76960569857928e-10,0.21328867875741875,-1.430210630291386,0.3378181749243002,525
8.531593371712633e-32,99.99999999995678,99.99999999991259,1.7695657496598237e-10,0.21328867875749613,-1.4302106302911683,0.3378181749242938,526
8.535089563072312e-32,99.99999999995676,99.99999999991259,1.7695316023375711e-10,0.21328867875754853,-1.4302106302914384,0.3378181749242919,527
8.542596388332029e-32,99.99999999995674,99.9999999999126,1.769584620544931e-10,0.21328867875754887,-1.4302106302914392,0.3378181749242918,528
8.53414286380329e-32,99.99999999995674,99.99999999991259,1.7695482266188012e-10,0.2132886787574868,-1.4302106302913415,0.33781817492428523,529
8.534948786623495e-32,99.99999999995676,99.99999999991259,1.76951616442635e-10,0.21328867875748414,-1.4302106302913602,0.3378181749242872,530
8.54205944837118e-32,99.99999999995676,99.9999999999126,1.7695635450490187e-10,0.21328867875746904,-1.4302106302912438,0.3378181749242865,531
8.542716101836972e-32,99.99999999995678,99.99999999991259,1.7695390839151138e-10,0.21328867875746904,-1.4302106302912048,0.33781817492428723,532
8.527271190374992e-32,99.99999999995678,99.9999999999126,1.76955241753532e-10,0.2132886787574837,-1.4302106302909312,0.3378181749242789,533
8.534686593582409e-32,99.9999999999568,99.9999999999126,1.7695538127888057e-10,0.2132886787574798,-1.430210630290814,0.3378181749242786,534
8.535693155256432e-32,99.9999999999568,99.9999999999126,1.7695479663022735e-10,0.21328867875745605,-1.430210630290957,0.337818174924285,535
8.533182140904804e-32,99.9999999999568,99.9999999999126,1.769501558845318e-10,0.21328867875742175,-1.430210630290956,0.3378181749242841,536
8.536986638945248e-32,99.99999999995678,99.99999999991262,1.7695029659169153e-10,0.21328867875742719,-1.4302106302910094,0.33781817492428323,537
8.53362378519158e-32,99.99999999995678,99.99999999991262,1.7695715120927046e-10,0.21328867875741198,-1.4302106302909996,0.33781817492428234,538
8.533900038623175e-32,99.99999999995678,99.99999999991262,1.7695103857788475e-10,0.21328867875741075,-1.4302106302909685,0.33781817492427996,539
8.524587309951361e-32,99.99999999995683,99.99999999991262,1.7695211109941075e-10,0.21328867875738344,-1.4302106302909872,0.33781817492428073,540
8.529024910522607e-32,99.9999999999568,99.99999999991265,1.769464676952579e-10,0.21328867875738577,-1.4302106302910067,0.3378181749242807,541
8.529216652145215e-32,99.99999999995681,99.99999999991262,1.7694238755815317e-10,0.2132886787573266,-1.4302106302909463,0.33781817492427585,542
8.523298282976681e-32,99.99999999995681,99.99999999991262,1.769444463526462e-10,0.21328867875734003,-1.430210630290989,0.3378181749242759,543
8.524928487563233e-32,99.99999999995683,99.99999999991266,1.7694647361357388e-10,0.213288678757369,-1.4302106302911426,0.3378181749242755,544
8.529793649111324e-32,99.99999999995681,99.99999999991265,1.7694768446168075e-10,0.21328867875736912,-1.4302106302911683,0.3378181749242759,545
8.528249170544595e-32,99.99999999995678,99.99999999991266,1.7694424479805215e-10,0.21328867875736635,-1.4302106302911852,0.337818174924277,546
8.532939329393077e-32,99.99999999995681,99.99999999991266,1.7694457954889777e-10,0.2132886787573809,-1.4302106302911515,0.3378181749242779,547
8.525565136208117e-32,99.99999999995683,99.99999999991266,1.7694624621378724e-10,0.21328867875738444,-1.430210630291092,0.3378181749242766,548
8.521189975563665e-32,99.99999999995683,99.99999999991266,1.7694373074243671e-10,0.21328867875737678,-1.4302106302911062,0.3378181749242759,549
8.53086853391262e-32,99.99999999995686,99.99999999991266,1.769465654614667e-10,0.21328867875738589,-1.4302106302911017,0.33781817492427707,550
8.531141224132045e-32,99.99999999995684,99.99999999991266,1.769450214866939e-10,0.21328867875734958,-1.430210630291235,0.3378181749242804,551
8.532453716733568e-32,99.99999999995686,99.99999999991266,1.769451245559685e-10,0.21328867875735125,-1.430210630291235,0.3378181749242804,552
8.53192589255953e-32,99.99999999995686,99.99999999991266,1.769474038527055e-10,0.21328867875735857,-1.4302106302911524,0.3378181749242804,553
8.536113746683371e-32,99.99999999995686,99.99999999991266,1.7694575248196407e-10,0.21328867875733504,-1.43021063029118,0.3378181749242786,554
8.531415678043695e-32,99.99999999995687,99.99999999991266,1.7694361559429118e-10,0.21328867875734026,-1.4302106302912456,0.33781817492427857,555
8.53217748671281e-32,99.99999999995684,99.99999999991266,1.7694444700319018e-10,0.213288678757386,-1.4302106302912287,0.33781817492428046,556
8.545198585592423e-32,99.99999999995687,99.99999999991266,1.7693827580582488e-10,0.21328867875733315,-1.4302106302911195,0.3378181749242796,557
8.536861685904708e-32,99.99999999995686,99.99999999991269,1.7693626761746172e-10,0.21328867875734325,-1.4302106302911701,0.337818174924282,558
8.531658467876255e-32,99.99999999995686,99.99999999991269,1.7693016271011474e-10,0.21328867875735125,-1.430210630291218,0.337818174924282,559
8.535314807805259e-32,99.99999999995686,99.99999999991269,1.7692879676361766e-10,0.21328867875730406,-1.4302106302911595,0.33781817492428173,560
8.53809189720385e-32,99.99999999995688,99.99999999991269,1.769348461323948e-10,0.21328867875731894,-1.4302106302912074,0.33781817492428506,561
8.541471474460686e-32,99.99999999995688,99.99999999991269,1.7693304220777954e-10,0.21328867875731294,-1.4302106302912279,0.33781817492428523,562
8.54029382710026e-32,99.99999999995688,99.99999999991269,1.7693078971759005e-10,0.2132886787573458,-1.4302106302911692,0.33781817492428456,563
8.539639026921131e-32,99.99999999995687,99.99999999991269,1.769314010009802e-10,0.2132886787573477,-1.430210630291194,0.337818174924286,564
8.538641033003393e-32,99.99999999995688,99.99999999991269,1.7693545107179264e-10,0.21328867875735902,-1.430210630291226,0.33781817492428745,565
8.568771957668237e-32,99.99999999995688,99.99999999991269,1.7693606143126104e-10,0.21328867875729762,-1.4302106302912758,0.33781817492430216,566
8.570965496021311e-32,99.99999999995688,99.9999999999127,1.7693388815867454e-10,0.21328867875731694,-1.4302106302910484,0.3378181749243013,567
8.57332862470617e-32,99.99999999995688,99.9999999999127,1.7693458025176856e-10,0.21328867875733037,-1.4302106302910733,0.3378181749243014,568
8.570517596411462e-32,99.99999999995686,99.9999999999127,1.7693220315835221e-10,0.2132886787573337,-1.4302106302911088,0.337818174924303,569
8.563446213647964e-32,99.99999999995686,99.9999999999127,1.7692450074881146e-10,0.21328867875736301,-1.430210630290869,0.33781817492429694,570
8.578969706341136e-32,99.99999999995688,99.9999999999127,1.7692969122283655e-10,0.21328867875736346,-1.430210630290519,0.3378181749242939,571
8.564278196934485e-32,99.99999999995687,99.9999999999127,1.7693682230687765e-10,0.21328867875736368,-1.4302106302905369,0.33781817492429567,572
8.557357397119202e-32,99.99999999995688,99.9999999999127,1.7693166340459832e-10,0.21328867875735813,-1.430210630290512,0.3378181749242943,573
8.566305444043073e-32,99.9999999999569,99.9999999999127,1.7693328001709858e-10,0.2132886787573154,-1.430210630290592,0.3378181749243001,574
8.570491146013082e-32,99.9999999999569,99.9999999999127,1.7693746826635919e-10,0.21328867875731417,-1.4302106302904374,0.3378181749242952,575
8.572351590217056e-32,99.9999999999569,99.9999999999127,1.7693872959886901e-10,0.21328867875735402,-1.430210630290361,0.33781817492429633,576
